Loop,ExtensionPool_MaxBytes,ExtensionPool_Extension,ExtensionPool_ConsumedBytes,ExtensionPool_HighWaterBytes,ExtensionPool_CurrentAllocations,DataModelSys_MaxBytes,DataModelSys_Extension,DataModelSys_ConsumedBytes,DataModelSys_HighWaterBytes,DataModelSys_CurrentAllocations,DataModelBlob_MaxBytes,DataModelBlob_Extension,DataModelBlob_ConsumedBytes,DataModelBlob_HighWaterBytes,DataModelBlob_CurrentAllocations,PDL_MaxBytes,PDL_Extension,PDL_ConsumedBytes,PDL_HighWaterBytes,PDL_CurrentAllocations,ScanStripPool_MaxBytes,ScanStripPool_Extension,ScanStripPool_ConsumedBytes,ScanStripPool_HighWaterBytes,ScanStripPool_CurrentAllocations,ScanStripPool_Two_MaxBytes,ScanStripPool_Two_Extension,ScanStripPool_Two_ConsumedBytes,ScanStripPool_Two_HighWaterBytes,ScanStripPool_Two_CurrentAllocations,PageStorePool_MaxBytes,PageStorePool_Extension,PageStorePool_ConsumedBytes,PageStorePool_HighWaterBytes,PageStorePool_CurrentAllocations,PageAssemblerPool_MaxBytes,PageAssemblerPool_Extension,PageAssemblerPool_ConsumedBytes,PageAssemblerPool_HighWaterBytes,PageAssemblerPool_CurrentAllocations,ImageProcessor_MaxBytes,ImageProcessor_Extension,ImageProcessor_ConsumedBytes,ImageProcessor_HighWaterBytes,ImageProcessor_CurrentAllocations,DecompressionPool_MaxBytes,DecompressionPool_Extension,DecompressionPool_ConsumedBytes,DecompressionPool_HighWaterBytes,DecompressionPool_CurrentAllocations,MarkingFilterPool_MaxBytes,MarkingFilterPool_Extension,MarkingFilterPool_ConsumedBytes,MarkingFilterPool_HighWaterBytes,MarkingFilterPool_CurrentAllocations,VideoTableStore_MaxBytes,VideoTableStore_Extension,VideoTableStore_ConsumedBytes,VideoTableStore_HighWaterBytes,VideoTableStore_CurrentAllocations,EngineData_MaxBytes,EngineData_Extension,EngineData_ConsumedBytes,EngineData_HighWaterBytes,EngineData_CurrentAllocations,ImagePersisterPool_MaxBytes,ImagePersisterPool_Extension,ImagePersisterPool_ConsumedBytes,ImagePersisterPool_HighWaterBytes,ImagePersisterPool_CurrentAllocations,ImagePipePool_MaxBytes,ImagePipePool_Extension,ImagePipePool_ConsumedBytes,ImagePipePool_HighWaterBytes,ImagePipePool_CurrentAllocations,TableManagerPool_MaxBytes,TableManagerPool_Extension,TableManagerPool_ConsumedBytes,TableManagerPool_HighWaterBytes,TableManagerPool_CurrentAllocations,FinalToc_MaxBytes,FinalToc_Extension,FinalToc_ConsumedBytes,FinalToc_HighWaterBytes,FinalToc_CurrentAllocations,FormatterToJpegHardwarePool_MaxBytes,FormatterToJpegHardwarePool_Extension,FormatterToJpegHardwarePool_ConsumedBytes,FormatterToJpegHardwarePool_HighWaterBytes,FormatterToJpegHardwarePool_CurrentAllocations,VideoControllerTables_MaxBytes,VideoControllerTables_Extension,VideoControllerTables_ConsumedBytes,VideoControllerTables_HighWaterBytes,VideoControllerTables_CurrentAllocations,SystemStats_KernelRamConsumption,SystemStats_UserRamConsumption,SystemStats_UnavailableRamUnits,SystemStats_AvailableRamUnits,SystemMemInfo_MemTotal,SystemMemInfo_MemFree,SystemMemInfo_MemAvailable,SystemMemInfo_Buffers,SystemMemInfo_Cached,SystemMemInfo_Dirty,SystemMemInfo_Mapped
"SingIn/SingOut_1",167772160,0,0,0,0,5242880,0,0,0,0,5242880,0,46720,179384,365,33554432,167772160,1464590,1464590,2832,8388608,0,0,0,0,8388608,0,0,0,0,488984576,0,1600,1600,1,12582912,0,0,0,0,12582912,0,0,0,0,12582912,0,0,0,0,12582912,167772160,0,0,0,3145728,0,0,390912,0,5242880,0,4718720,4718720,1,8388608,0,0,0,0,33554432,167772160,0,0,0,8388608,0,567424,567424,4,8388608,0,0,0,0,8388608,0,0,0,0,1048576,0,17536,17536,1,430772224,88444928,519217152,3374116864,3802084,2726912,3295036,20760,674568,48,218136
"SingIn/SingOut_2",167772160,0,0,0,0,5242880,0,0,0,0,5242880,0,46720,179384,365,33554432,167772160,1464590,1464590,2832,8388608,0,0,0,0,8388608,0,0,0,0,488984576,0,1600,1600,1,12582912,0,0,0,0,12582912,0,0,0,0,12582912,0,0,0,0,12582912,167772160,0,0,0,3145728,0,0,390912,0,5242880,0,4718720,4718720,1,8388608,0,0,0,0,33554432,167772160,0,0,0,8388608,0,567424,567424,4,8388608,0,0,0,0,8388608,0,0,0,0,1048576,0,17536,17536,1,430862336,88788992,519651328,3373682688,3802084,2726480,3294612,20784,674640,60,218136
"SingIn/SingOut_3",167772160,0,0,0,0,5242880,0,0,0,0,5242880,0,46720,179384,365,33554432,167772160,1464590,1464590,2832,8388608,0,0,0,0,8388608,0,0,0,0,488984576,0,1600,1600,1,12582912,0,0,0,0,12582912,0,0,0,0,12582912,0,0,0,0,12582912,167772160,0,0,0,3145728,0,0,390912,0,5242880,0,4718720,4718720,1,8388608,0,0,0,0,33554432,167772160,0,0,0,8388608,0,567424,567424,4,8388608,0,0,0,0,8388608,0,0,0,0,1048576,0,17536,17536,1,431386624,88723456,520110080,3373223936,3802084,2726000,3294164,20808,674688,32,218136
"SingIn/SingOut_4",167772160,0,0,0,0,5242880,0,0,0,0,5242880,0,46720,179384,365,33554432,167772160,1464590,1464590,2832,8388608,0,0,0,0,8388608,0,0,0,0,488984576,0,1600,1600,1,12582912,0,0,0,0,12582912,0,0,0,0,12582912,0,0,0,0,12582912,167772160,0,0,0,3145728,0,0,390912,0,5242880,0,4718720,4718720,1,8388608,0,0,0,0,33554432,167772160,0,0,0,8388608,0,567424,567424,4,8388608,0,0,0,0,8388608,0,0,0,0,1048576,0,17536,17536,1,431796224,88719360,520515584,3372818432,3802084,2725564,3293768,20832,674712,40,218136
"SingIn/SingOut_5",167772160,0,0,0,0,5242880,0,0,0,0,5242880,0,46720,179384,365,33554432,167772160,1464590,1464590,2832,8388608,0,0,0,0,8388608,0,0,0,0,488984576,0,1600,1600,1,12582912,0,0,0,0,12582912,0,0,0,0,12582912,0,0,0,0,12582912,167772160,0,0,0,3145728,0,0,390912,0,5242880,0,4718720,4718720,1,8388608,0,0,0,0,33554432,167772160,0,0,0,8388608,0,567424,567424,4,8388608,0,0,0,0,8388608,0,0,0,0,1048576,0,17536,17536,1,431398912,88989696,520388608,3372945408,3802084,2725652,3293892,20856,674740,12,218136
"SingIn/SingOut_6",167772160,0,0,0,0,5242880,0,0,0,0,5242880,0,46720,179384,365,33554432,167772160,1464590,1464590,2832,8388608,0,0,0,0,8388608,0,0,0,0,488984576,0,1600,1600,1,12582912,0,0,0,0,12582912,0,0,0,0,12582912,0,0,0,0,12582912,167772160,0,0,0,3145728,0,0,390912,0,5242880,0,4718720,4718720,1,8388608,0,0,0,0,33554432,167772160,0,0,0,8388608,0,567424,567424,4,8388608,0,0,0,0,8388608,0,0,0,0,1048576,0,17536,17536,1,431853568,89030656,520884224,3372449792,3802084,2725144,3293408,20888,674824,40,218136
"SingIn/SingOut_7",167772160,0,0,0,0,5242880,0,0,0,0,5242880,0,46720,179384,365,33554432,167772160,1464590,1464590,2832,8388608,0,0,0,0,8388608,0,0,0,0,488984576,0,1600,1600,1,12582912,0,0,0,0,12582912,0,0,0,0,12582912,0,0,0,0,12582912,167772160,0,0,0,3145728,0,0,390912,0,5242880,0,4718720,4718720,1,8388608,0,0,0,0,33554432,167772160,0,0,0,8388608,0,567424,567424,4,8388608,0,0,0,0,8388608,0,0,0,0,1048576,0,17536,17536,1,431321088,89026560,520347648,3372986368,3802084,2725636,3293932,20912,674860,140,218136
"SingIn/SingOut_8",167772160,0,0,0,0,5242880,0,0,0,0,5242880,0,46720,179384,365,33554432,167772160,1464590,1464590,2832,8388608,0,0,0,0,8388608,0,0,0,0,488984576,0,1600,1600,1,12582912,0,0,0,0,12582912,0,0,0,0,12582912,0,0,0,0,12582912,167772160,0,0,0,3145728,0,0,390912,0,5242880,0,4718720,4718720,1,8388608,0,0,0,0,33554432,167772160,0,0,0,8388608,0,567424,567424,4,8388608,0,0,0,0,8388608,0,0,0,0,1048576,0,17536,17536,1,430944256,89288704,520232960,3373101056,3802084,2725732,3294044,20936,674884,132,218136
"SingIn/SingOut_9",167772160,0,0,0,0,5242880,0,0,0,0,5242880,0,46720,179384,365,33554432,167772160,1464590,1464590,2832,8388608,0,0,0,0,8388608,0,0,0,0,488984576,0,1600,1600,1,12582912,0,0,0,0,12582912,0,0,0,0,12582912,0,0,0,0,12582912,167772160,0,0,0,3145728,0,0,390912,0,5242880,0,4718720,4718720,1,8388608,0,0,0,0,33554432,167772160,0,0,0,8388608,0,567424,567424,4,8388608,0,0,0,0,8388608,0,0,0,0,1048576,0,17536,17536,1,431095808,89104384,520200192,3373133824,3802084,2725732,3294076,20960,674908,36,218136
"SingIn/SingOut_10",167772160,0,0,0,0,5242880,0,0,0,0,5242880,0,46720,179384,365,33554432,167772160,1464590,1464590,2832,8388608,0,0,0,0,8388608,0,0,0,0,488984576,0,1600,1600,1,12582912,0,0,0,0,12582912,0,0,0,0,12582912,0,0,0,0,12582912,167772160,0,0,0,3145728,0,0,390912,0,5242880,0,4718720,4718720,1,8388608,0,0,0,0,33554432,167772160,0,0,0,8388608,0,567424,567424,4,8388608,0,0,0,0,8388608,0,0,0,0,1048576,0,17536,17536,1,431587328,89145344,520732672,3372601344,3802084,2725172,3293556,20984,674932,16,218136
"SingIn/SingOut_11",167772160,0,0,0,0,5242880,0,0,0,0,5242880,0,46720,179384,365,33554432,167772160,1464590,1464590,2832,8388608,0,0,0,0,8388608,0,0,0,0,488984576,0,1600,1600,1,12582912,0,0,0,0,12582912,0,0,0,0,12582912,0,0,0,0,12582912,167772160,0,0,0,3145728,0,0,390912,0,5242880,0,4718720,4718720,1,8388608,0,0,0,0,33554432,167772160,0,0,0,8388608,0,567424,567424,4,8388608,0,0,0,0,8388608,0,0,0,0,1048576,0,17536,17536,1,431882240,89268224,521150464,3372183552,3802084,2724708,3293148,21016,674964,56,218136
"SingIn/SingOut_12",167772160,0,0,0,0,5242880,0,0,0,0,5242880,0,46720,179384,365,33554432,167772160,1464590,1464590,2832,8388608,0,0,0,0,8388608,0,0,0,0,488984576,0,1600,1600,1,12582912,0,0,0,0,12582912,0,0,0,0,12582912,0,0,0,0,12582912,167772160,0,0,0,3145728,0,0,390912,0,5242880,0,4718720,4718720,1,8388608,0,0,0,0,33554432,167772160,0,0,0,8388608,0,567424,567424,4,8388608,0,0,0,0,8388608,0,0,0,0,1048576,0,17536,17536,1,431677440,89247744,520925184,3372408832,3802084,2724920,3293368,21040,674988,52,218136
"SingIn/SingOut_13",167772160,0,0,0,0,5242880,0,0,0,0,5242880,0,46720,179384,365,33554432,167772160,1464590,1464590,2832,8388608,0,0,0,0,8388608,0,0,0,0,488984576,0,1600,1600,1,12582912,0,0,0,0,12582912,0,0,0,0,12582912,0,0,0,0,12582912,167772160,0,0,0,3145728,0,0,390912,0,5242880,0,4718720,4718720,1,8388608,0,0,0,0,33554432,167772160,0,0,0,8388608,0,567424,567424,4,8388608,0,0,0,0,8388608,0,0,0,0,1048576,0,17536,17536,1,431484928,89432064,520916992,3372417024,3802084,2724920,3293376,21064,675012,40,218136
"SingIn/SingOut_14",167772160,0,0,0,0,5242880,0,0,0,0,5242880,0,46720,179384,365,33554432,167772160,1464590,1464590,2832,8388608,0,0,0,0,8388608,0,0,0,0,488984576,0,1600,1600,1,12582912,0,0,0,0,12582912,0,0,0,0,12582912,0,0,0,0,12582912,167772160,0,0,0,3145728,0,0,390912,0,5242880,0,4718720,4718720,1,8388608,0,0,0,0,33554432,167772160,0,0,0,8388608,0,567424,567424,4,8388608,0,0,0,0,8388608,0,0,0,0,1048576,0,17536,17536,1,431439872,89247744,520687616,3372646400,3802084,2725100,3293600,21088,675040,32,218136
"SingIn/SingOut_15",167772160,0,0,0,0,5242880,0,0,0,0,5242880,0,46720,179384,365,33554432,167772160,1464590,1464590,2832,8388608,0,0,0,0,8388608,0,0,0,0,488984576,0,1600,1600,1,12582912,0,0,0,0,12582912,0,0,0,0,12582912,0,0,0,0,12582912,167772160,0,0,0,3145728,0,0,390912,0,5242880,0,4718720,4718720,1,8388608,0,0,0,0,33554432,167772160,0,0,0,8388608,0,567424,567424,4,8388608,0,0,0,0,8388608,0,0,0,0,1048576,0,17536,17536,1,431890432,89194496,521084928,3372249088,3802084,2724672,3293212,21112,675052,52,218136
"SingIn/SingOut_16",167772160,0,0,0,0,5242880,0,0,0,0,5242880,0,46720,179384,365,33554432,167772160,1464590,1464590,2832,8388608,0,0,0,0,8388608,0,0,0,0,488984576,0,1600,1600,1,12582912,0,0,0,0,12582912,0,0,0,0,12582912,0,0,0,0,12582912,167772160,0,0,0,3145728,0,0,390912,0,5242880,0,4718720,4718720,1,8388608,0,0,0,0,33554432,167772160,0,0,0,8388608,0,567424,567424,4,8388608,0,0,0,0,8388608,0,0,0,0,1048576,0,17536,17536,1,432398336,89169920,521568256,3371765760,3802084,2724176,3292740,21144,675056,52,218136
"SingIn/SingOut_17",167772160,0,0,0,0,5242880,0,0,0,0,5242880,0,46720,179384,365,33554432,167772160,1464590,1464590,2832,8388608,0,0,0,0,8388608,0,0,0,0,488984576,0,1600,1600,1,12582912,0,0,0,0,12582912,0,0,0,0,12582912,0,0,0,0,12582912,167772160,0,0,0,3145728,0,0,390912,0,5242880,0,4718720,4718720,1,8388608,0,0,0,0,33554432,167772160,0,0,0,8388608,0,567424,567424,4,8388608,0,0,0,0,8388608,0,0,0,0,1048576,0,17536,17536,1,431955968,89341952,521297920,3372036096,3802084,2724412,3293004,21168,675080,52,218136
"SingIn/SingOut_18",167772160,0,0,0,0,5242880,0,0,0,0,5242880,0,46720,179384,365,33554432,167772160,1464590,1464590,2832,8388608,0,0,0,0,8388608,0,0,0,0,488984576,0,1600,1600,1,12582912,0,0,0,0,12582912,0,0,0,0,12582912,0,0,0,0,12582912,167772160,0,0,0,3145728,0,0,390912,0,5242880,0,4718720,4718720,1,8388608,0,0,0,0,33554432,167772160,0,0,0,8388608,0,567424,567424,4,8388608,0,0,0,0,8388608,0,0,0,0,1048576,0,17536,17536,1,432394240,89366528,521760768,3371573248,3802084,2723948,3292552,21196,675088,56,218136
"SingIn/SingOut_19",167772160,0,0,0,0,5242880,0,0,0,0,5242880,0,46720,179384,365,33554432,167772160,1464590,1464590,2832,8388608,0,0,0,0,8388608,0,0,0,0,488984576,0,1600,1600,1,12582912,0,0,0,0,12582912,0,0,0,0,12582912,0,0,0,0,12582912,167772160,0,0,0,3145728,0,0,390912,0,5242880,0,4718720,4718720,1,8388608,0,0,0,0,33554432,167772160,0,0,0,8388608,0,567424,567424,4,8388608,0,0,0,0,8388608,0,0,0,0,1048576,0,17536,17536,1,432046080,89395200,521441280,3371892736,3802084,2724220,3292864,21220,675104,16,218136
"SingIn/SingOut_20",167772160,0,0,0,0,5242880,0,0,0,0,5242880,0,46720,179384,365,33554432,167772160,1464590,1464590,2832,8388608,0,0,0,0,8388608,0,0,0,0,488984576,0,1600,1600,1,12582912,0,0,0,0,12582912,0,0,0,0,12582912,0,0,0,0,12582912,167772160,0,0,0,3145728,0,0,390912,0,5242880,0,4718720,4718720,1,8388608,0,0,0,0,33554432,167772160,0,0,0,8388608,0,567424,567424,4,8388608,0,0,0,0,8388608,0,0,0,0,1048576,0,17536,17536,1,430587904,89432064,520019968,3373314048,3802084,2725624,3294252,21244,675112,24,218136
"SingIn/SingOut_21",167772160,0,0,0,0,5242880,0,0,0,0,5242880,0,46720,179384,365,33554432,167772160,1464590,1464590,2832,8388608,0,0,0,0,8388608,0,0,0,0,488984576,0,1600,1600,1,12582912,0,0,0,0,12582912,0,0,0,0,12582912,0,0,0,0,12582912,167772160,0,0,0,3145728,0,0,390912,0,5242880,0,4718720,4718720,1,8388608,0,0,0,0,33554432,167772160,0,0,0,8388608,0,567424,567424,4,8388608,0,0,0,0,8388608,0,0,0,0,1048576,0,17536,17536,1,430493696,89460736,519954432,3373379584,3802084,2725664,3294316,21276,675124,40,218136
"SingIn/SingOut_22",167772160,0,0,0,0,5242880,0,0,0,0,5242880,0,46720,179384,365,33554432,167772160,1464590,1464590,2832,8388608,0,0,0,0,8388608,0,0,0,0,488984576,0,1600,1600,1,12582912,0,0,0,0,12582912,0,0,0,0,12582912,0,0,0,0,12582912,167772160,0,0,0,3145728,0,0,390912,0,5242880,0,4718720,4718720,1,8388608,0,0,0,0,33554432,167772160,0,0,0,8388608,0,567424,567424,4,8388608,0,0,0,0,8388608,0,0,0,0,1048576,0,17536,17536,1,430059520,89473024,519532544,3373801472,3802084,2726028,3294728,21308,675136,44,218188
"SingIn/SingOut_23",167772160,0,0,0,0,5242880,0,0,0,0,5242880,0,46720,179384,365,33554432,167772160,1464590,1464590,2832,8388608,0,0,0,0,8388608,0,0,0,0,488984576,0,1600,1600,1,12582912,0,0,0,0,12582912,0,0,0,0,12582912,0,0,0,0,12582912,167772160,0,0,0,3145728,0,0,390912,0,5242880,0,4718720,4718720,1,8388608,0,0,0,0,33554432,167772160,0,0,0,8388608,0,567424,567424,4,8388608,0,0,0,0,8388608,0,0,0,0,1048576,0,17536,17536,1,430231552,89522176,519753728,3373580288,3802084,2725768,3294512,21340,675148,44,218172
"SingIn/SingOut_24",167772160,0,0,0,0,5242880,0,0,0,0,5242880,0,46720,179384,365,33554432,167772160,1464590,1464590,2832,8388608,0,0,0,0,8388608,0,0,0,0,488984576,0,1600,1600,1,12582912,0,0,0,0,12582912,0,0,0,0,12582912,0,0,0,0,12582912,167772160,0,0,0,3145728,0,0,390912,0,5242880,0,4718720,4718720,1,8388608,0,0,0,0,33554432,167772160,0,0,0,8388608,0,567424,567424,4,8388608,0,0,0,0,8388608,0,0,0,0,1048576,0,17536,17536,1,430178304,89608192,519786496,3373547520,3802084,2725696,3294480,21372,675224,64,218156
"SingIn/SingOut_25",167772160,0,0,0,0,5242880,0,0,0,0,5242880,0,46720,179384,365,33554432,167772160,1464590,1464590,2832,8388608,0,0,0,0,8388608,0,0,0,0,488984576,0,1600,1600,1,12582912,0,0,0,0,12582912,0,0,0,0,12582912,0,0,0,0,12582912,167772160,0,0,0,3145728,0,0,390912,0,5242880,0,4718720,4718720,1,8388608,0,0,0,0,33554432,167772160,0,0,0,8388608,0,567424,567424,4,8388608,0,0,0,0,8388608,0,0,0,0,1048576,0,17536,17536,1,431185920,89563136,520749056,3372584960,3802084,2724712,3293540,21396,675236,8,218140
"SingIn/SingOut_26",167772160,0,0,0,0,5242880,0,0,0,0,5242880,0,46720,179384,365,33554432,167772160,1464590,1464590,2832,8388608,0,0,0,0,8388608,0,0,0,0,488984576,0,1600,1600,1,12582912,0,0,0,0,12582912,0,0,0,0,12582912,0,0,0,0,12582912,167772160,0,0,0,3145728,0,0,390912,0,5242880,0,4718720,4718720,1,8388608,0,0,0,0,33554432,167772160,0,0,0,8388608,0,567424,567424,4,8388608,0,0,0,0,8388608,0,0,0,0,1048576,0,17536,17536,1,431026176,89583616,520609792,3372724224,3802084,2724840,3293676,21428,675236,48,218204
"SingIn/SingOut_27",167772160,0,0,0,0,5242880,0,0,0,0,5242880,0,46720,179384,365,33554432,167772160,1464590,1464590,2832,8388608,0,0,0,0,8388608,0,0,0,0,488984576,0,1600,1600,1,12582912,0,0,0,0,12582912,0,0,0,0,12582912,0,0,0,0,12582912,167772160,0,0,0,3145728,0,0,390912,0,5242880,0,4718720,4718720,1,8388608,0,0,0,0,33554432,167772160,0,0,0,8388608,0,567424,567424,4,8388608,0,0,0,0,8388608,0,0,0,0,1048576,0,17536,17536,1,430538752,89686016,520224768,3373109248,3802084,2725172,3294052,21452,675256,36,218172
"SingIn/SingOut_28",167772160,0,0,0,0,5242880,0,0,0,0,5242880,0,46720,179384,365,33554432,167772160,1464590,1464590,2832,8388608,0,0,0,0,8388608,0,0,0,0,488984576,0,1600,1600,1,12582912,0,0,0,0,12582912,0,0,0,0,12582912,0,0,0,0,12582912,167772160,0,0,0,3145728,0,0,390912,0,5242880,0,4718720,4718720,1,8388608,0,0,0,0,33554432,167772160,0,0,0,8388608,0,567424,567424,4,8388608,0,0,0,0,8388608,0,0,0,0,1048576,0,17536,17536,1,430743552,89513984,520257536,3373076480,3802084,2725124,3294020,21476,675256,56,218160
"SingIn/SingOut_29",167772160,0,0,0,0,5242880,0,0,0,0,5242880,0,46720,179384,365,33554432,167772160,1464590,1464590,2832,8388608,0,0,0,0,8388608,0,0,0,0,488984576,0,1600,1600,1,12582912,0,0,0,0,12582912,0,0,0,0,12582912,0,0,0,0,12582912,167772160,0,0,0,3145728,0,0,390912,0,5242880,0,4718720,4718720,1,8388608,0,0,0,0,33554432,167772160,0,0,0,8388608,0,567424,567424,4,8388608,0,0,0,0,8388608,0,0,0,0,1048576,0,17536,17536,1,430718976,89518080,520237056,3373096960,3802084,2725108,3294040,21508,675284,52,218144
"SingIn/SingOut_30",167772160,0,0,0,0,5242880,0,0,0,0,5242880,0,46720,179384,365,33554432,167772160,1464590,1464590,2832,8388608,0,0,0,0,8388608,0,0,0,0,488984576,0,1600,1600,1,12582912,0,0,0,0,12582912,0,0,0,0,12582912,0,0,0,0,12582912,167772160,0,0,0,3145728,0,0,390912,0,5242880,0,4718720,4718720,1,8388608,0,0,0,0,33554432,167772160,0,0,0,8388608,0,567424,567424,4,8388608,0,0,0,0,8388608,0,0,0,0,1048576,0,17536,17536,1,430080000,89649152,519729152,3373604864,3802084,2725572,3294536,21532,675292,68,218136
"SingIn/SingOut_31",167772160,0,0,0,0,5242880,0,0,0,0,5242880,0,46720,179384,365,33554432,167772160,1464590,1464590,2832,8388608,0,0,0,0,8388608,0,0,0,0,488984576,0,1600,1600,1,12582912,0,0,0,0,12582912,0,0,0,0,12582912,0,0,0,0,12582912,167772160,0,0,0,3145728,0,0,390912,0,5242880,0,4718720,4718720,1,8388608,0,0,0,0,33554432,167772160,0,0,0,8388608,0,567424,567424,4,8388608,0,0,0,0,8388608,0,0,0,0,1048576,0,17536,17536,1,430354432,89559040,519913472,3373420544,3802084,2725344,3294356,21564,675304,12,218136
"SingIn/SingOut_32",167772160,0,0,0,0,5242880,0,0,0,0,5242880,0,46720,179384,365,33554432,167772160,1464590,1464590,2832,8388608,0,0,0,0,8388608,0,0,0,0,488984576,0,1600,1600,1,12582912,0,0,0,0,12582912,0,0,0,0,12582912,0,0,0,0,12582912,167772160,0,0,0,3145728,0,0,390912,0,5242880,0,4718720,4718720,1,8388608,0,0,0,0,33554432,167772160,0,0,0,8388608,0,567424,567424,4,8388608,0,0,0,0,8388608,0,0,0,0,1048576,0,17536,17536,1,430280704,89665536,519946240,3373387776,3802084,2725264,3294324,21588,675320,48,218136
"SingIn/SingOut_33",167772160,0,0,0,0,5242880,0,0,0,0,5242880,0,46720,179384,365,33554432,167772160,1464590,1464590,2832,8388608,0,0,0,0,8388608,0,0,0,0,488984576,0,1600,1600,1,12582912,0,0,0,0,12582912,0,0,0,0,12582912,0,0,0,0,12582912,167772160,0,0,0,3145728,0,0,390912,0,5242880,0,4718720,4718720,1,8388608,0,0,0,0,33554432,167772160,0,0,0,8388608,0,567424,567424,4,8388608,0,0,0,0,8388608,0,0,0,0,1048576,0,17536,17536,1,430280704,89702400,519983104,3373350912,3802084,2725200,3294288,21612,675332,36,218136
"SingIn/SingOut_34",167772160,0,0,0,0,5242880,0,0,0,0,5242880,0,46720,179384,365,33554432,167772160,1464590,1464590,2832,8388608,0,0,0,0,8388608,0,0,0,0,488984576,0,1600,1600,1,12582912,0,0,0,0,12582912,0,0,0,0,12582912,0,0,0,0,12582912,167772160,0,0,0,3145728,0,0,390912,0,5242880,0,4718720,4718720,1,8388608,0,0,0,0,33554432,167772160,0,0,0,8388608,0,567424,567424,4,8388608,0,0,0,0,8388608,0,0,0,0,1048576,0,17536,17536,1,430202880,89718784,519921664,3373412352,3802084,2725256,3294348,21636,675344,20,218136
"SingIn/SingOut_35",167772160,0,0,0,0,5242880,0,0,0,0,5242880,0,46720,179384,365,33554432,167772160,1464590,1464590,2832,8388608,0,0,0,0,8388608,0,0,0,0,488984576,0,1600,1600,1,12582912,0,0,0,0,12582912,0,0,0,0,12582912,0,0,0,0,12582912,167772160,0,0,0,3145728,0,0,390912,0,5242880,0,4718720,4718720,1,8388608,0,0,0,0,33554432,167772160,0,0,0,8388608,0,567424,567424,4,8388608,0,0,0,0,8388608,0,0,0,0,1048576,0,17536,17536,1,430170112,89718784,519888896,3373445120,3802084,2725256,3294380,21660,675360,56,218136
"SingIn/SingOut_36",167772160,0,0,0,0,5242880,0,0,0,0,5242880,0,46720,179384,365,33554432,167772160,1464590,1464590,2832,8388608,0,0,0,0,8388608,0,0,0,0,488984576,0,1600,1600,1,12582912,0,0,0,0,12582912,0,0,0,0,12582912,0,0,0,0,12582912,167772160,0,0,0,3145728,0,0,390912,0,5242880,0,4718720,4718720,1,8388608,0,0,0,0,33554432,167772160,0,0,0,8388608,0,567424,567424,4,8388608,0,0,0,0,8388608,0,0,0,0,1048576,0,17536,17536,1,430616576,89743360,520359936,3372974080,3802084,2724768,3293920,21684,675368,60,218136
"SingIn/SingOut_37",167772160,0,0,0,0,5242880,0,0,0,0,5242880,0,46720,179384,365,33554432,167772160,1464590,1464590,2832,8388608,0,0,0,0,8388608,0,0,0,0,488984576,0,1600,1600,1,12582912,0,0,0,0,12582912,0,0,0,0,12582912,0,0,0,0,12582912,167772160,0,0,0,3145728,0,0,390912,0,5242880,0,4718720,4718720,1,8388608,0,0,0,0,33554432,167772160,0,0,0,8388608,0,567424,567424,4,8388608,0,0,0,0,8388608,0,0,0,0,1048576,0,17536,17536,1,430657536,89776128,520433664,3372900352,3802084,2724664,3293848,21708,675384,48,218136
"SingIn/SingOut_38",167772160,0,0,0,0,5242880,0,0,0,0,5242880,0,46720,179384,365,33554432,167772160,1464590,1464590,2832,8388608,0,0,0,0,8388608,0,0,0,0,488984576,0,1600,1600,1,12582912,0,0,0,0,12582912,0,0,0,0,12582912,0,0,0,0,12582912,167772160,0,0,0,3145728,0,0,390912,0,5242880,0,4718720,4718720,1,8388608,0,0,0,0,33554432,167772160,0,0,0,8388608,0,567424,567424,4,8388608,0,0,0,0,8388608,0,0,0,0,1048576,0,17536,17536,1,430567424,89669632,520237056,3373096960,3802084,2724824,3294040,21732,675392,44,218136
"SingIn/SingOut_39",167772160,0,0,0,0,5242880,0,0,0,0,5242880,0,46720,179384,365,33554432,167772160,1464590,1464590,2832,8388608,0,0,0,0,8388608,0,0,0,0,488984576,0,1600,1600,1,12582912,0,0,0,0,12582912,0,0,0,0,12582912,0,0,0,0,12582912,167772160,0,0,0,3145728,0,0,390912,0,5242880,0,4718720,4718720,1,8388608,0,0,0,0,33554432,167772160,0,0,0,8388608,0,567424,567424,4,8388608,0,0,0,0,8388608,0,0,0,0,1048576,0,17536,17536,1,430620672,89739264,520359936,3372974080,3802084,2724660,3293920,21756,675472,16,218136
"SingIn/SingOut_40",167772160,0,0,0,0,5242880,0,0,0,0,5242880,0,46720,179384,365,33554432,167772160,1464590,1464590,2832,8388608,0,0,0,0,8388608,0,0,0,0,488984576,0,1600,1600,1,12582912,0,0,0,0,12582912,0,0,0,0,12582912,0,0,0,0,12582912,167772160,0,0,0,3145728,0,0,390912,0,5242880,0,4718720,4718720,1,8388608,0,0,0,0,33554432,167772160,0,0,0,8388608,0,567424,567424,4,8388608,0,0,0,0,8388608,0,0,0,0,1048576,0,17536,17536,1,430575616,89767936,520343552,3372990464,3802084,2724652,3293936,21788,675484,52,218188
"SingIn/SingOut_41",167772160,0,0,0,0,5242880,0,0,0,0,5242880,0,46720,179384,365,33554432,167772160,1464590,1464590,2832,8388608,0,0,0,0,8388608,0,0,0,0,488984576,0,1600,1600,1,12582912,0,0,0,0,12582912,0,0,0,0,12582912,0,0,0,0,12582912,167772160,0,0,0,3145728,0,0,390912,0,5242880,0,4718720,4718720,1,8388608,0,0,0,0,33554432,167772160,0,0,0,8388608,0,567424,567424,4,8388608,0,0,0,0,8388608,0,0,0,0,1048576,0,17536,17536,1,430628864,89755648,520384512,3372949504,3802084,2724580,3293896,21812,675492,52,218168
"SingIn/SingOut_42",167772160,0,0,0,0,5242880,0,0,0,0,5242880,0,46720,179384,365,33554432,167772160,1464590,1464590,2832,8388608,0,0,0,0,8388608,0,0,0,0,488984576,0,1600,1600,1,12582912,0,0,0,0,12582912,0,0,0,0,12582912,0,0,0,0,12582912,167772160,0,0,0,3145728,0,0,390912,0,5242880,0,4718720,4718720,1,8388608,0,0,0,0,33554432,167772160,0,0,0,8388608,0,567424,567424,4,8388608,0,0,0,0,8388608,0,0,0,0,1048576,0,17536,17536,1,430845952,89698304,520544256,3372789760,3802084,2724388,3293740,21836,675508,48,218156
"SingIn/SingOut_43",167772160,0,0,0,0,5242880,0,0,0,0,5242880,0,46720,179384,365,33554432,167772160,1464590,1464590,2832,8388608,0,0,0,0,8388608,0,0,0,0,488984576,0,1600,1600,1,12582912,0,0,0,0,12582912,0,0,0,0,12582912,0,0,0,0,12582912,167772160,0,0,0,3145728,0,0,390912,0,5242880,0,4718720,4718720,1,8388608,0,0,0,0,33554432,167772160,0,0,0,8388608,0,567424,567424,4,8388608,0,0,0,0,8388608,0,0,0,0,1048576,0,17536,17536,1,430870528,89698304,520568832,3372765184,3802084,2724340,3293716,21860,675520,56,218144
"SingIn/SingOut_44",167772160,0,0,0,0,5242880,0,0,0,0,5242880,0,46720,179384,365,33554432,167772160,1464590,1464590,2832,8388608,0,0,0,0,8388608,0,0,0,0,488984576,0,1600,1600,1,12582912,0,0,0,0,12582912,0,0,0,0,12582912,0,0,0,0,12582912,167772160,0,0,0,3145728,0,0,390912,0,5242880,0,4718720,4718720,1,8388608,0,0,0,0,33554432,167772160,0,0,0,8388608,0,567424,567424,4,8388608,0,0,0,0,8388608,0,0,0,0,1048576,0,17536,17536,1,430403584,89866240,520269824,3373064192,3802084,2724592,3294008,21884,675532,28,218136
"SingIn/SingOut_45",167772160,0,0,0,0,5242880,0,0,0,0,5242880,0,46720,179384,365,33554432,167772160,1464590,1464590,2832,8388608,0,0,0,0,8388608,0,0,0,0,488984576,0,1600,1600,1,12582912,0,0,0,0,12582912,0,0,0,0,12582912,0,0,0,0,12582912,167772160,0,0,0,3145728,0,0,390912,0,5242880,0,4718720,4718720,1,8388608,0,0,0,0,33554432,167772160,0,0,0,8388608,0,567424,567424,4,8388608,0,0,0,0,8388608,0,0,0,0,1048576,0,17536,17536,1,430833664,89882624,520716288,3372617728,3802084,2724128,3293572,21916,675540,72,218136
"SingIn/SingOut_46",167772160,0,0,0,0,5242880,0,0,0,0,5242880,0,46720,179384,365,33554432,167772160,1464590,1464590,2832,8388608,0,0,0,0,8388608,0,0,0,0,488984576,0,1600,1600,1,12582912,0,0,0,0,12582912,0,0,0,0,12582912,0,0,0,0,12582912,167772160,0,0,0,3145728,0,0,390912,0,5242880,0,4718720,4718720,1,8388608,0,0,0,0,33554432,167772160,0,0,0,8388608,0,567424,567424,4,8388608,0,0,0,0,8388608,0,0,0,0,1048576,0,17536,17536,1,430858240,89812992,520671232,3372662784,3802084,2724104,3293616,21948,675564,48,218136
"SingIn/SingOut_47",167772160,0,0,0,0,5242880,0,0,0,0,5242880,0,46720,179384,365,33554432,167772160,1464590,1464590,2832,8388608,0,0,0,0,8388608,0,0,0,0,488984576,0,1600,1600,1,12582912,0,0,0,0,12582912,0,0,0,0,12582912,0,0,0,0,12582912,167772160,0,0,0,3145728,0,0,390912,0,5242880,0,4718720,4718720,1,8388608,0,0,0,0,33554432,167772160,0,0,0,8388608,0,567424,567424,4,8388608,0,0,0,0,8388608,0,0,0,0,1048576,0,17536,17536,1,431075328,89886720,520962048,3372371968,3802084,2723804,3293332,21980,675576,56,218136
"SingIn/SingOut_48",167772160,0,0,0,0,5242880,0,0,0,0,5242880,0,46720,179384,365,33554432,167772160,1464590,1464590,2832,8388608,0,0,0,0,8388608,0,0,0,0,488984576,0,1600,1600,1,12582912,0,0,0,0,12582912,0,0,0,0,12582912,0,0,0,0,12582912,167772160,0,0,0,3145728,0,0,390912,0,5242880,0,4718720,4718720,1,8388608,0,0,0,0,33554432,167772160,0,0,0,8388608,0,567424,567424,4,8388608,0,0,0,0,8388608,0,0,0,0,1048576,0,17536,17536,1,431001600,89780224,520781824,3372552192,3802084,2723948,3293508,22004,675584,48,218136
"SingIn/SingOut_49",167772160,0,0,0,0,5242880,0,0,0,0,5242880,0,46720,179384,365,33554432,167772160,1464590,1464590,2832,8388608,0,0,0,0,8388608,0,0,0,0,488984576,0,1600,1600,1,12582912,0,0,0,0,12582912,0,0,0,0,12582912,0,0,0,0,12582912,167772160,0,0,0,3145728,0,0,390912,0,5242880,0,4718720,4718720,1,8388608,0,0,0,0,33554432,167772160,0,0,0,8388608,0,567424,567424,4,8388608,0,0,0,0,8388608,0,0,0,0,1048576,0,17536,17536,1,430538752,89956352,520495104,3372838912,3802084,2724196,3293788,22028,675596,20,218136
"SingIn/SingOut_50",167772160,0,0,0,0,5242880,0,0,0,0,5242880,0,46720,179384,365,33554432,167772160,1464590,1464590,2832,8388608,0,0,0,0,8388608,0,0,0,0,488984576,0,1600,1600,1,12582912,0,0,0,0,12582912,0,0,0,0,12582912,0,0,0,0,12582912,167772160,0,0,0,3145728,0,0,390912,0,5242880,0,4718720,4718720,1,8388608,0,0,0,0,33554432,167772160,0,0,0,8388608,0,567424,567424,4,8388608,0,0,0,0,8388608,0,0,0,0,1048576,0,17536,17536,1,430764032,89952256,520716288,3372617728,3802084,2723952,3293572,22060,675608,60,218136
